{
  // Use IntelliSense to learn about possible attributes.
  // Hover to view descriptions of existing attributes.
  // For more information, visit: https://go.microsoft.com/fwlink/?linkid=830387
  "version": "0.2.0",
  "configurations": [
    {
      "name": "Cortex Debug",
      "cwd": "$${workspaceRoot}",
      "executable": "$${command:cmake.launchTargetPath}",
      "request": "launch",
      "type": "cortex-debug",
      "servertype": "openocd",
      // This may need to be gdb-multiarch depending on your system
      "gdbPath" : "arm-none-eabi-gdb",
      "openOCDLaunchCommands": ["adapter speed 5000"],
      "device": "RP2040",
      "configFiles": [
          "interface/cmsis-dap.cfg",
          "target/rp2040.cfg"
      ],
      "searchDir": ["tcl"],
      "svdFile": "$${env:PICO_SDK_PATH}/src/rp2040/hardware_regs/rp2040.svd",
      "runToEntryPoint": "main",
      // Work around for stopping at main on restart
      "postRestartCommands": [
          "break main",
          "continue"
      ]
    }
  ]
}
